tokens,tags
The history and cultural significance of Denali are well-documented.,O O O O O O B-MOUNT O O
"Known for its challenging terrain, Mont Blanc is a favorite among climbers.",O O O O O B-MOUNT I-MOUNT O O O O O
Annapurna offers a stunning backdrop for photographers and nature enthusiasts.,B-MOUNT O O O O O O O O O
Mount Logan is part of a mountain range that spans several countries.,B-MOUNT I-MOUNT O O O O O O O O O O
"Known for its challenging terrain, Mount Everest is a favorite among climbers.",O O O O O B-MOUNT I-MOUNT O O O O O
The ascent of K2 requires careful preparation and skill.,O O O B-MOUNT O O O O O
Many stories have been told about the treacherous conditions on Mount Kilimanjaro.,O O O O O O O O O O B-MOUNT O
The breathtaking scenery of Annapurna attracts numerous adventurers each year.,O O O O B-MOUNT O O O O O
The history and cultural significance of Mount Kosciuszko are well-documented.,O O O O O O B-MOUNT I-MOUNT O O
"Known for its challenging terrain, Mount Rainer is a favorite among climbers.",O O O O O B-MOUNT I-MOUNT O O O O O
"Known for its challenging terrain, Mount Elbrus is a favorite among climbers.",O O O O O B-MOUNT I-MOUNT O O O O O
The history and cultural significance of Matterhorn are well-documented.,O O O O O O B-MOUNT O O
The breathtaking scenery of Table Mountain attracts numerous adventurers each year.,O O O O B-MOUNT I-MOUNT O O O O O
"Standing majestically above the surrounding landscape, Aconcagua is a sight to behold.",O O O O O O B-MOUNT O O O O O
K2 offers a stunning backdrop for photographers and nature enthusiasts.,B-MOUNT O O O O O O O O O
Table Mountain offers a stunning backdrop for photographers and nature enthusiasts.,B-MOUNT I-MOUNT O O O O O O O O O
Cho Oyu is part of a mountain range that spans several countries.,B-MOUNT I-MOUNT O O O O O O O O O O
"Standing majestically above the surrounding landscape, Mount Kilimanjaro is a sight to behold.",O O O O O O B-MOUNT I-MOUNT O O O O O
The breathtaking scenery of Mount Kosciuszko attracts numerous adventurers each year.,O O O O B-MOUNT I-MOUNT O O O O O
The breathtaking scenery of Mont Blanc attracts numerous adventurers each year.,O O O O B-MOUNT I-MOUNT O O O O O
Mount Vinson offers a stunning backdrop for photographers and nature enthusiasts.,B-MOUNT I-MOUNT O O O O O O O O O
Kangchenjunga has been the site of numerous scientific expeditions over the years.,B-MOUNT O O O O O O O O O O O
Many stories have been told about the treacherous conditions on Kangchenjunga.,O O O O O O O O O O O
"Standing majestically above the surrounding landscape, Mount Kosciuszko is a sight to behold.",O O O O O O B-MOUNT I-MOUNT O O O O O
The ascent of Matterhorn requires careful preparation and skill.,O O O B-MOUNT O O O O O
The breathtaking scenery of Kangchenjunga attracts numerous adventurers each year.,O O O O B-MOUNT O O O O O
Mount Kosciuszko is part of a mountain range that spans several countries.,B-MOUNT I-MOUNT O O O O O O O O O O
Mount Kilimanjaro offers a stunning backdrop for photographers and nature enthusiasts.,B-MOUNT I-MOUNT O O O O O O O O O
The ascent of Mount Elbrus requires careful preparation and skill.,O O O B-MOUNT I-MOUNT O O O O O
Mount Fuji offers a stunning backdrop for photographers and nature enthusiasts.,B-MOUNT I-MOUNT O O O O O O O O O
Nanga Parbat has been the site of numerous scientific expeditions over the years.,B-MOUNT I-MOUNT O O O O O O O O O O O
"Known for its challenging terrain, Mount Vinson is a favorite among climbers.",O O O O O B-MOUNT I-MOUNT O O O O O
Aconcagua is part of a mountain range that spans several countries.,B-MOUNT O O O O O O O O O O
The ascent of Matterhorn requires careful preparation and skill.,O O O B-MOUNT O O O O O
Mount Kosciuszko offers a stunning backdrop for photographers and nature enthusiasts.,B-MOUNT I-MOUNT O O O O O O O O O
"One of the most iconic peaks in the world, Nanga Parbat stands tall as a natural wonder.",O O O O O O O O O B-MOUNT I-MOUNT O O O O O O
"One of the most iconic peaks in the world, Manaslu stands tall as a natural wonder.",O O O O O O O O O B-MOUNT O O O O O O
Mount Rainer offers a stunning backdrop for photographers and nature enthusiasts.,B-MOUNT I-MOUNT O O O O O O O O O
Lhotse has been the site of numerous scientific expeditions over the years.,B-MOUNT O O O O O O O O O O O
"One of the most iconic peaks in the world, Mount Kosciuszko stands tall as a natural wonder.",O O O O O O O O O B-MOUNT I-MOUNT O O O O O O
Pico de Orizaba offers a stunning backdrop for photographers and nature enthusiasts.,B-MOUNT I-MOUNT I-MOUNT O O O O O O O O O
Aconcagua offers a stunning backdrop for photographers and nature enthusiasts.,B-MOUNT O O O O O O O O O
"Standing majestically above the surrounding landscape, Mount McKinley is a sight to behold.",O O O O O O B-MOUNT I-MOUNT O O O O O
The history and cultural significance of Aconcagua are well-documented.,O O O O O O B-MOUNT O O
Nanga Parbat has been the site of numerous scientific expeditions over the years.,B-MOUNT I-MOUNT O O O O O O O O O O O
The ascent of Table Mountain requires careful preparation and skill.,O O O B-MOUNT I-MOUNT O O O O O
Many stories have been told about the treacherous conditions on Manaslu.,O O O O O O O O O O O
The history and cultural significance of Mount Rainer are well-documented.,O O O O O O B-MOUNT I-MOUNT O O
The history and cultural significance of Mount Logan are well-documented.,O O O O O O B-MOUNT I-MOUNT O O
Annapurna is part of a mountain range that spans several countries.,B-MOUNT O O O O O O O O O O
Many stories have been told about the treacherous conditions on Matterhorn.,O O O O O O O O O O O
The history and cultural significance of Mount Elbrus are well-documented.,O O O O O O B-MOUNT I-MOUNT O O
"Known for its challenging terrain, Lhotse is a favorite among climbers.",O O O O O B-MOUNT O O O O O
"One of the most iconic peaks in the world, Matterhorn stands tall as a natural wonder.",O O O O O O O O O B-MOUNT O O O O O O
Mount Vinson is part of a mountain range that spans several countries.,B-MOUNT I-MOUNT O O O O O O O O O O
The breathtaking scenery of Mount Kilimanjaro attracts numerous adventurers each year.,O O O O B-MOUNT I-MOUNT O O O O O
Many stories have been told about the treacherous conditions on Makalu.,O O O O O O O O O O O
Matterhorn is part of a mountain range that spans several countries.,B-MOUNT O O O O O O O O O O
Matterhorn is part of a mountain range that spans several countries.,B-MOUNT O O O O O O O O O O
"Standing majestically above the surrounding landscape, Mount Everest is a sight to behold.",O O O O O O B-MOUNT I-MOUNT O O O O O
Makalu has been the site of numerous scientific expeditions over the years.,B-MOUNT O O O O O O O O O O O
Table Mountain is part of a mountain range that spans several countries.,B-MOUNT I-MOUNT O O O O O O O O O O
The breathtaking scenery of Nanga Parbat attracts numerous adventurers each year.,O O O O B-MOUNT I-MOUNT O O O O O
"One of the most iconic peaks in the world, Mount Logan stands tall as a natural wonder.",O O O O O O O O O B-MOUNT I-MOUNT O O O O O O
Makalu has been the site of numerous scientific expeditions over the years.,B-MOUNT O O O O O O O O O O O
Cho Oyu has been the site of numerous scientific expeditions over the years.,B-MOUNT I-MOUNT O O O O O O O O O O O
Many stories have been told about the treacherous conditions on Mount McKinley.,O O O O O O O O O O B-MOUNT O
Mount Vinson has been the site of numerous scientific expeditions over the years.,B-MOUNT I-MOUNT O O O O O O O O O O O
Kangchenjunga has been the site of numerous scientific expeditions over the years.,B-MOUNT O O O O O O O O O O O
Mont Blanc is part of a mountain range that spans several countries.,B-MOUNT I-MOUNT O O O O O O O O O O
"One of the most iconic peaks in the world, Mount Elbrus stands tall as a natural wonder.",O O O O O O O O O B-MOUNT I-MOUNT O O O O O O
Makalu is part of a mountain range that spans several countries.,B-MOUNT O O O O O O O O O O
"One of the most iconic peaks in the world, Nanga Parbat stands tall as a natural wonder.",O O O O O O O O O B-MOUNT I-MOUNT O O O O O O
The history and cultural significance of Mount Elbrus are well-documented.,O O O O O O B-MOUNT I-MOUNT O O
The breathtaking scenery of Mount Vinson attracts numerous adventurers each year.,O O O O B-MOUNT I-MOUNT O O O O O
Nanga Parbat offers a stunning backdrop for photographers and nature enthusiasts.,B-MOUNT I-MOUNT O O O O O O O O O
Lhotse has been the site of numerous scientific expeditions over the years.,B-MOUNT O O O O O O O O O O O
The ascent of Manaslu requires careful preparation and skill.,O O O B-MOUNT O O O O O
Mount Kosciuszko has been the site of numerous scientific expeditions over the years.,B-MOUNT I-MOUNT O O O O O O O O O O O
The breathtaking scenery of Makalu attracts numerous adventurers each year.,O O O O B-MOUNT O O O O O
Makalu offers a stunning backdrop for photographers and nature enthusiasts.,B-MOUNT O O O O O O O O O
The breathtaking scenery of Mount Kosciuszko attracts numerous adventurers each year.,O O O O B-MOUNT I-MOUNT O O O O O
"One of the most iconic peaks in the world, Pico de Orizaba stands tall as a natural wonder.",O O O O O O O O O B-MOUNT I-MOUNT I-MOUNT O O O O O O
Manaslu has been the site of numerous scientific expeditions over the years.,B-MOUNT O O O O O O O O O O O
"Standing majestically above the surrounding landscape, Mont Blanc is a sight to behold.",O O O O O O B-MOUNT I-MOUNT O O O O O
The ascent of Mount Kilimanjaro requires careful preparation and skill.,O O O B-MOUNT I-MOUNT O O O O O
The history and cultural significance of K2 are well-documented.,O O O O O O B-MOUNT O O
Mount Rainer has been the site of numerous scientific expeditions over the years.,B-MOUNT I-MOUNT O O O O O O O O O O O
The breathtaking scenery of Mount Kosciuszko attracts numerous adventurers each year.,O O O O B-MOUNT I-MOUNT O O O O O
Mount Shasta is part of a mountain range that spans several countries.,B-MOUNT I-MOUNT O O O O O O O O O O
"Standing majestically above the surrounding landscape, Aconcagua is a sight to behold.",O O O O O O B-MOUNT O O O O O
The ascent of Mont Blanc requires careful preparation and skill.,O O O B-MOUNT I-MOUNT O O O O O
The ascent of Pico de Orizaba requires careful preparation and skill.,O O O B-MOUNT I-MOUNT I-MOUNT O O O O O
The breathtaking scenery of Mount Rainer attracts numerous adventurers each year.,O O O O B-MOUNT I-MOUNT O O O O O
Lhotse has been the site of numerous scientific expeditions over the years.,B-MOUNT O O O O O O O O O O O
The ascent of Annapurna requires careful preparation and skill.,O O O B-MOUNT O O O O O
"Standing majestically above the surrounding landscape, Table Mountain is a sight to behold.",O O O O O O B-MOUNT I-MOUNT O O O O O
Aconcagua is part of a mountain range that spans several countries.,B-MOUNT O O O O O O O O O O
"Known for its challenging terrain, K2 is a favorite among climbers.",O O O O O B-MOUNT O O O O O
"Known for its challenging terrain, Mount Shasta is a favorite among climbers.",O O O O O B-MOUNT I-MOUNT O O O O O
Cho Oyu has been the site of numerous scientific expeditions over the years.,B-MOUNT I-MOUNT O O O O O O O O O O O
Mount Shasta is part of a mountain range that spans several countries.,B-MOUNT I-MOUNT O O O O O O O O O O
Many stories have been told about the treacherous conditions on Mount Logan.,O O O O O O O O O O B-MOUNT O
"Known for its challenging terrain, Pico de Orizaba is a favorite among climbers.",O O O O O B-MOUNT I-MOUNT I-MOUNT O O O O O
"Standing majestically above the surrounding landscape, Matterhorn is a sight to behold.",O O O O O O B-MOUNT O O O O O
Nanga Parbat is part of a mountain range that spans several countries.,B-MOUNT I-MOUNT O O O O O O O O O O
"Known for its challenging terrain, Mount McKinley is a favorite among climbers.",O O O O O B-MOUNT I-MOUNT O O O O O
Mount Fuji has been the site of numerous scientific expeditions over the years.,B-MOUNT I-MOUNT O O O O O O O O O O O
The history and cultural significance of Mount Kilimanjaro are well-documented.,O O O O O O B-MOUNT I-MOUNT O O
"One of the most iconic peaks in the world, Pico de Orizaba stands tall as a natural wonder.",O O O O O O O O O B-MOUNT I-MOUNT I-MOUNT O O O O O O
"One of the most iconic peaks in the world, Denali stands tall as a natural wonder.",O O O O O O O O O B-MOUNT O O O O O O
"Known for its challenging terrain, Mount Everest is a favorite among climbers.",O O O O O B-MOUNT I-MOUNT O O O O O
"One of the most iconic peaks in the world, Mount Fuji stands tall as a natural wonder.",O O O O O O O O O B-MOUNT I-MOUNT O O O O O O
Mount Logan has been the site of numerous scientific expeditions over the years.,B-MOUNT I-MOUNT O O O O O O O O O O O
Lhotse is part of a mountain range that spans several countries.,B-MOUNT O O O O O O O O O O
The ascent of Nanga Parbat requires careful preparation and skill.,O O O B-MOUNT I-MOUNT O O O O O
Cho Oyu is part of a mountain range that spans several countries.,B-MOUNT I-MOUNT O O O O O O O O O O
Many stories have been told about the treacherous conditions on Aconcagua.,O O O O O O O O O O O
Mount Shasta is part of a mountain range that spans several countries.,B-MOUNT I-MOUNT O O O O O O O O O O
"One of the most iconic peaks in the world, Mount Shasta stands tall as a natural wonder.",O O O O O O O O O B-MOUNT I-MOUNT O O O O O O
The history and cultural significance of Dhaulagiri are well-documented.,O O O O O O B-MOUNT O O
"Standing majestically above the surrounding landscape, Lhotse is a sight to behold.",O O O O O O B-MOUNT O O O O O
The ascent of K2 requires careful preparation and skill.,O O O B-MOUNT O O O O O
The ascent of Mount Rainer requires careful preparation and skill.,O O O B-MOUNT I-MOUNT O O O O O
Mount Vinson offers a stunning backdrop for photographers and nature enthusiasts.,B-MOUNT I-MOUNT O O O O O O O O O
The breathtaking scenery of Mount Everest attracts numerous adventurers each year.,O O O O B-MOUNT I-MOUNT O O O O O
"Standing majestically above the surrounding landscape, Manaslu is a sight to behold.",O O O O O O B-MOUNT O O O O O
The ascent of Lhotse requires careful preparation and skill.,O O O B-MOUNT O O O O O
Many stories have been told about the treacherous conditions on Mount Kilimanjaro.,O O O O O O O O O O B-MOUNT O
"One of the most iconic peaks in the world, Aconcagua stands tall as a natural wonder.",O O O O O O O O O B-MOUNT O O O O O O
"One of the most iconic peaks in the world, Manaslu stands tall as a natural wonder.",O O O O O O O O O B-MOUNT O O O O O O
"One of the most iconic peaks in the world, K2 stands tall as a natural wonder.",O O O O O O O O O B-MOUNT O O O O O O
"One of the most iconic peaks in the world, Manaslu stands tall as a natural wonder.",O O O O O O O O O B-MOUNT O O O O O O
Pico de Orizaba has been the site of numerous scientific expeditions over the years.,B-MOUNT I-MOUNT I-MOUNT O O O O O O O O O O O
"Standing majestically above the surrounding landscape, Annapurna is a sight to behold.",O O O O O O B-MOUNT O O O O O
Pico de Orizaba is part of a mountain range that spans several countries.,B-MOUNT I-MOUNT I-MOUNT O O O O O O O O O O
Many stories have been told about the treacherous conditions on Lhotse.,O O O O O O O O O O O
The breathtaking scenery of Manaslu attracts numerous adventurers each year.,O O O O B-MOUNT O O O O O
Mount Vinson is part of a mountain range that spans several countries.,B-MOUNT I-MOUNT O O O O O O O O O O
K2 is part of a mountain range that spans several countries.,B-MOUNT O O O O O O O O O O
The breathtaking scenery of Manaslu attracts numerous adventurers each year.,O O O O B-MOUNT O O O O O
"Known for its challenging terrain, Kangchenjunga is a favorite among climbers.",O O O O O B-MOUNT O O O O O
The history and cultural significance of Matterhorn are well-documented.,O O O O O O B-MOUNT O O
"Known for its challenging terrain, Manaslu is a favorite among climbers.",O O O O O B-MOUNT O O O O O
Nanga Parbat has been the site of numerous scientific expeditions over the years.,B-MOUNT I-MOUNT O O O O O O O O O O O
Nanga Parbat offers a stunning backdrop for photographers and nature enthusiasts.,B-MOUNT I-MOUNT O O O O O O O O O
Pico de Orizaba offers a stunning backdrop for photographers and nature enthusiasts.,B-MOUNT I-MOUNT I-MOUNT O O O O O O O O O
The breathtaking scenery of Aconcagua attracts numerous adventurers each year.,O O O O B-MOUNT O O O O O
The ascent of Pico de Orizaba requires careful preparation and skill.,O O O B-MOUNT I-MOUNT I-MOUNT O O O O O
Many stories have been told about the treacherous conditions on Cho Oyu.,O O O O O O O O O O B-MOUNT O
"Standing majestically above the surrounding landscape, Mount McKinley is a sight to behold.",O O O O O O B-MOUNT I-MOUNT O O O O O
"One of the most iconic peaks in the world, Table Mountain stands tall as a natural wonder.",O O O O O O O O O B-MOUNT I-MOUNT O O O O O O
Mount Logan is part of a mountain range that spans several countries.,B-MOUNT I-MOUNT O O O O O O O O O O
Mount Kosciuszko is part of a mountain range that spans several countries.,B-MOUNT I-MOUNT O O O O O O O O O O
Pico de Orizaba has been the site of numerous scientific expeditions over the years.,B-MOUNT I-MOUNT I-MOUNT O O O O O O O O O O O
Many stories have been told about the treacherous conditions on Cho Oyu.,O O O O O O O O O O B-MOUNT O
The ascent of Mount Vinson requires careful preparation and skill.,O O O B-MOUNT I-MOUNT O O O O O
The history and cultural significance of Mount Shasta are well-documented.,O O O O O O B-MOUNT I-MOUNT O O
"Standing majestically above the surrounding landscape, Mount Vinson is a sight to behold.",O O O O O O B-MOUNT I-MOUNT O O O O O
The breathtaking scenery of Dhaulagiri attracts numerous adventurers each year.,O O O O B-MOUNT O O O O O
The breathtaking scenery of Mount McKinley attracts numerous adventurers each year.,O O O O B-MOUNT I-MOUNT O O O O O
The breathtaking scenery of Annapurna attracts numerous adventurers each year.,O O O O B-MOUNT O O O O O
Mount Logan has been the site of numerous scientific expeditions over the years.,B-MOUNT I-MOUNT O O O O O O O O O O O
"Known for its challenging terrain, Mont Blanc is a favorite among climbers.",O O O O O B-MOUNT I-MOUNT O O O O O
The history and cultural significance of Mount Kilimanjaro are well-documented.,O O O O O O B-MOUNT I-MOUNT O O
"One of the most iconic peaks in the world, Aconcagua stands tall as a natural wonder.",O O O O O O O O O B-MOUNT O O O O O O
Manaslu offers a stunning backdrop for photographers and nature enthusiasts.,B-MOUNT O O O O O O O O O
"One of the most iconic peaks in the world, Dhaulagiri stands tall as a natural wonder.",O O O O O O O O O B-MOUNT O O O O O O
The history and cultural significance of Manaslu are well-documented.,O O O O O O B-MOUNT O O
Mount Shasta has been the site of numerous scientific expeditions over the years.,B-MOUNT I-MOUNT O O O O O O O O O O O
Makalu has been the site of numerous scientific expeditions over the years.,B-MOUNT O O O O O O O O O O O
"One of the most iconic peaks in the world, Mount Vinson stands tall as a natural wonder.",O O O O O O O O O B-MOUNT I-MOUNT O O O O O O
Many stories have been told about the treacherous conditions on Dhaulagiri.,O O O O O O O O O O O
Many stories have been told about the treacherous conditions on Table Mountain.,O O O O O O O O O O B-MOUNT O
"Known for its challenging terrain, Mount Everest is a favorite among climbers.",O O O O O B-MOUNT I-MOUNT O O O O O
Mount Elbrus has been the site of numerous scientific expeditions over the years.,B-MOUNT I-MOUNT O O O O O O O O O O O
Mount Vinson is part of a mountain range that spans several countries.,B-MOUNT I-MOUNT O O O O O O O O O O
"Standing majestically above the surrounding landscape, Mount Vinson is a sight to behold.",O O O O O O B-MOUNT I-MOUNT O O O O O
Makalu is part of a mountain range that spans several countries.,B-MOUNT O O O O O O O O O O
Many stories have been told about the treacherous conditions on Mount Logan.,O O O O O O O O O O B-MOUNT O
Mount Fuji has been the site of numerous scientific expeditions over the years.,B-MOUNT I-MOUNT O O O O O O O O O O O
"Known for its challenging terrain, Manaslu is a favorite among climbers.",O O O O O B-MOUNT O O O O O
"Known for its challenging terrain, Mount Fuji is a favorite among climbers.",O O O O O B-MOUNT I-MOUNT O O O O O
"One of the most iconic peaks in the world, Lhotse stands tall as a natural wonder.",O O O O O O O O O B-MOUNT O O O O O O
"Standing majestically above the surrounding landscape, Dhaulagiri is a sight to behold.",O O O O O O B-MOUNT O O O O O
"One of the most iconic peaks in the world, Mount Elbrus stands tall as a natural wonder.",O O O O O O O O O B-MOUNT I-MOUNT O O O O O O
"One of the most iconic peaks in the world, Mount Everest stands tall as a natural wonder.",O O O O O O O O O B-MOUNT I-MOUNT O O O O O O
The history and cultural significance of Mount Everest are well-documented.,O O O O O O B-MOUNT I-MOUNT O O
Many stories have been told about the treacherous conditions on Mount Shasta.,O O O O O O O O O O B-MOUNT O
"Standing majestically above the surrounding landscape, Dhaulagiri is a sight to behold.",O O O O O O B-MOUNT O O O O O
"One of the most iconic peaks in the world, Mount Everest stands tall as a natural wonder.",O O O O O O O O O B-MOUNT I-MOUNT O O O O O O
Many stories have been told about the treacherous conditions on Mount Kilimanjaro.,O O O O O O O O O O B-MOUNT O
Makalu has been the site of numerous scientific expeditions over the years.,B-MOUNT O O O O O O O O O O O
Many stories have been told about the treacherous conditions on Mount Fuji.,O O O O O O O O O O B-MOUNT O
Table Mountain offers a stunning backdrop for photographers and nature enthusiasts.,B-MOUNT I-MOUNT O O O O O O O O O
Many stories have been told about the treacherous conditions on Mount Shasta.,O O O O O O O O O O B-MOUNT O
"Standing majestically above the surrounding landscape, Mount McKinley is a sight to behold.",O O O O O O B-MOUNT I-MOUNT O O O O O
Mount Kilimanjaro offers a stunning backdrop for photographers and nature enthusiasts.,B-MOUNT I-MOUNT O O O O O O O O O
"One of the most iconic peaks in the world, Mont Blanc stands tall as a natural wonder.",O O O O O O O O O B-MOUNT I-MOUNT O O O O O O
"Known for its challenging terrain, Lhotse is a favorite among climbers.",O O O O O B-MOUNT O O O O O
"One of the most iconic peaks in the world, Mount Fuji stands tall as a natural wonder.",O O O O O O O O O B-MOUNT I-MOUNT O O O O O O
"One of the most iconic peaks in the world, Mount Everest stands tall as a natural wonder.",O O O O O O O O O B-MOUNT I-MOUNT O O O O O O
"Standing majestically above the surrounding landscape, Mount Kilimanjaro is a sight to behold.",O O O O O O B-MOUNT I-MOUNT O O O O O
"Known for its challenging terrain, Annapurna is a favorite among climbers.",O O O O O B-MOUNT O O O O O
The ascent of K2 requires careful preparation and skill.,O O O B-MOUNT O O O O O
"One of the most iconic peaks in the world, Cho Oyu stands tall as a natural wonder.",O O O O O O O O O B-MOUNT I-MOUNT O O O O O O
"Known for its challenging terrain, Table Mountain is a favorite among climbers.",O O O O O B-MOUNT I-MOUNT O O O O O
Many stories have been told about the treacherous conditions on Mount Shasta.,O O O O O O O O O O B-MOUNT O
Many stories have been told about the treacherous conditions on Mount Kilimanjaro.,O O O O O O O O O O B-MOUNT O
The ascent of Nanga Parbat requires careful preparation and skill.,O O O B-MOUNT I-MOUNT O O O O O
The ascent of Kangchenjunga requires careful preparation and skill.,O O O B-MOUNT O O O O O
The breathtaking scenery of Mount Fuji attracts numerous adventurers each year.,O O O O B-MOUNT I-MOUNT O O O O O
The breathtaking scenery of Cho Oyu attracts numerous adventurers each year.,O O O O B-MOUNT I-MOUNT O O O O O
"One of the most iconic peaks in the world, Annapurna stands tall as a natural wonder.",O O O O O O O O O B-MOUNT O O O O O O
The history and cultural significance of Mount McKinley are well-documented.,O O O O O O B-MOUNT I-MOUNT O O
Mount Vinson offers a stunning backdrop for photographers and nature enthusiasts.,B-MOUNT I-MOUNT O O O O O O O O O
"One of the most iconic peaks in the world, Dhaulagiri stands tall as a natural wonder.",O O O O O O O O O B-MOUNT O O O O O O
The history and cultural significance of Pico de Orizaba are well-documented.,O O O O O O B-MOUNT I-MOUNT I-MOUNT O O
The ascent of Dhaulagiri requires careful preparation and skill.,O O O B-MOUNT O O O O O
The breathtaking scenery of Mount Kilimanjaro attracts numerous adventurers each year.,O O O O B-MOUNT I-MOUNT O O O O O
"Standing majestically above the surrounding landscape, Mount Kosciuszko is a sight to behold.",O O O O O O B-MOUNT I-MOUNT O O O O O
Many stories have been told about the treacherous conditions on Mont Blanc.,O O O O O O O O O O B-MOUNT O
Mount Fuji has been the site of numerous scientific expeditions over the years.,B-MOUNT I-MOUNT O O O O O O O O O O O
"Known for its challenging terrain, Mont Blanc is a favorite among climbers.",O O O O O B-MOUNT I-MOUNT O O O O O
Mount McKinley has been the site of numerous scientific expeditions over the years.,B-MOUNT I-MOUNT O O O O O O O O O O O
"Known for its challenging terrain, Denali is a favorite among climbers.",O O O O O B-MOUNT O O O O O
"Standing majestically above the surrounding landscape, Mount Kosciuszko is a sight to behold.",O O O O O O B-MOUNT I-MOUNT O O O O O
The breathtaking scenery of Annapurna attracts numerous adventurers each year.,O O O O B-MOUNT O O O O O
Dhaulagiri is part of a mountain range that spans several countries.,B-MOUNT O O O O O O O O O O
The history and cultural significance of Aconcagua are well-documented.,O O O O O O B-MOUNT O O
"Standing majestically above the surrounding landscape, Mont Blanc is a sight to behold.",O O O O O O B-MOUNT I-MOUNT O O O O O
Table Mountain has been the site of numerous scientific expeditions over the years.,B-MOUNT I-MOUNT O O O O O O O O O O O
Nanga Parbat has been the site of numerous scientific expeditions over the years.,B-MOUNT I-MOUNT O O O O O O O O O O O
The ascent of Kangchenjunga requires careful preparation and skill.,O O O B-MOUNT O O O O O
Many stories have been told about the treacherous conditions on Pico de Orizaba.,O O O O O O O O O O B-MOUNT I-MOUNT O
The ascent of Mount McKinley requires careful preparation and skill.,O O O B-MOUNT I-MOUNT O O O O O
The breathtaking scenery of Mont Blanc attracts numerous adventurers each year.,O O O O B-MOUNT I-MOUNT O O O O O
The breathtaking scenery of Kangchenjunga attracts numerous adventurers each year.,O O O O B-MOUNT O O O O O
The history and cultural significance of Mount Vinson are well-documented.,O O O O O O B-MOUNT I-MOUNT O O
"One of the most iconic peaks in the world, Mount Elbrus stands tall as a natural wonder.",O O O O O O O O O B-MOUNT I-MOUNT O O O O O O
"Standing majestically above the surrounding landscape, Matterhorn is a sight to behold.",O O O O O O B-MOUNT O O O O O
The history and cultural significance of Manaslu are well-documented.,O O O O O O B-MOUNT O O
Many stories have been told about the treacherous conditions on Mount Rainer.,O O O O O O O O O O B-MOUNT O
Mount Logan offers a stunning backdrop for photographers and nature enthusiasts.,B-MOUNT I-MOUNT O O O O O O O O O
Many stories have been told about the treacherous conditions on Mont Blanc.,O O O O O O O O O O B-MOUNT O
The breathtaking scenery of Makalu attracts numerous adventurers each year.,O O O O B-MOUNT O O O O O
"Known for its challenging terrain, Mount Logan is a favorite among climbers.",O O O O O B-MOUNT I-MOUNT O O O O O
The breathtaking scenery of Pico de Orizaba attracts numerous adventurers each year.,O O O O B-MOUNT I-MOUNT I-MOUNT O O O O O
"One of the most iconic peaks in the world, Mount Logan stands tall as a natural wonder.",O O O O O O O O O B-MOUNT I-MOUNT O O O O O O
"Known for its challenging terrain, Matterhorn is a favorite among climbers.",O O O O O B-MOUNT O O O O O
Mount Kosciuszko is part of a mountain range that spans several countries.,B-MOUNT I-MOUNT O O O O O O O O O O
"One of the most iconic peaks in the world, Manaslu stands tall as a natural wonder.",O O O O O O O O O B-MOUNT O O O O O O
"Known for its challenging terrain, Mount Logan is a favorite among climbers.",O O O O O B-MOUNT I-MOUNT O O O O O
Mount Fuji offers a stunning backdrop for photographers and nature enthusiasts.,B-MOUNT I-MOUNT O O O O O O O O O
Many stories have been told about the treacherous conditions on Dhaulagiri.,O O O O O O O O O O O
"Standing majestically above the surrounding landscape, Mount Elbrus is a sight to behold.",O O O O O O B-MOUNT I-MOUNT O O O O O
The breathtaking scenery of Mount Vinson attracts numerous adventurers each year.,O O O O B-MOUNT I-MOUNT O O O O O
"One of the most iconic peaks in the world, Mont Blanc stands tall as a natural wonder.",O O O O O O O O O B-MOUNT I-MOUNT O O O O O O
"Standing majestically above the surrounding landscape, Mont Blanc is a sight to behold.",O O O O O O B-MOUNT I-MOUNT O O O O O
"One of the most iconic peaks in the world, Annapurna stands tall as a natural wonder.",O O O O O O O O O B-MOUNT O O O O O O
Lhotse has been the site of numerous scientific expeditions over the years.,B-MOUNT O O O O O O O O O O O
The history and cultural significance of Mount Kilimanjaro are well-documented.,O O O O O O B-MOUNT I-MOUNT O O
"Known for its challenging terrain, Pico de Orizaba is a favorite among climbers.",O O O O O B-MOUNT I-MOUNT I-MOUNT O O O O O
Denali is part of a mountain range that spans several countries.,B-MOUNT O O O O O O O O O O
"Standing majestically above the surrounding landscape, Aconcagua is a sight to behold.",O O O O O O B-MOUNT O O O O O
The ascent of Annapurna requires careful preparation and skill.,O O O B-MOUNT O O O O O
Cho Oyu offers a stunning backdrop for photographers and nature enthusiasts.,B-MOUNT I-MOUNT O O O O O O O O O
"Known for its challenging terrain, Annapurna is a favorite among climbers.",O O O O O B-MOUNT O O O O O
The ascent of Mount Elbrus requires careful preparation and skill.,O O O B-MOUNT I-MOUNT O O O O O
K2 offers a stunning backdrop for photographers and nature enthusiasts.,B-MOUNT O O O O O O O O O
Mount Fuji is part of a mountain range that spans several countries.,B-MOUNT I-MOUNT O O O O O O O O O O
Mount Vinson offers a stunning backdrop for photographers and nature enthusiasts.,B-MOUNT I-MOUNT O O O O O O O O O
"Known for its challenging terrain, Kangchenjunga is a favorite among climbers.",O O O O O B-MOUNT O O O O O
Mount Shasta has been the site of numerous scientific expeditions over the years.,B-MOUNT I-MOUNT O O O O O O O O O O O
The ascent of Makalu requires careful preparation and skill.,O O O B-MOUNT O O O O O
"Known for its challenging terrain, Makalu is a favorite among climbers.",O O O O O B-MOUNT O O O O O
"One of the most iconic peaks in the world, Matterhorn stands tall as a natural wonder.",O O O O O O O O O B-MOUNT O O O O O O
The ascent of Mount Shasta requires careful preparation and skill.,O O O B-MOUNT I-MOUNT O O O O O
The ascent of Mount McKinley requires careful preparation and skill.,O O O B-MOUNT I-MOUNT O O O O O
Mount Kosciuszko is part of a mountain range that spans several countries.,B-MOUNT I-MOUNT O O O O O O O O O O
The ascent of Mount Kilimanjaro requires careful preparation and skill.,O O O B-MOUNT I-MOUNT O O O O O
"Known for its challenging terrain, Mount Kosciuszko is a favorite among climbers.",O O O O O B-MOUNT I-MOUNT O O O O O
Many stories have been told about the treacherous conditions on Mount Kosciuszko.,O O O O O O O O O O B-MOUNT O
"One of the most iconic peaks in the world, Manaslu stands tall as a natural wonder.",O O O O O O O O O B-MOUNT O O O O O O
The breathtaking scenery of Aconcagua attracts numerous adventurers each year.,O O O O B-MOUNT O O O O O
"Known for its challenging terrain, Mount Fuji is a favorite among climbers.",O O O O O B-MOUNT I-MOUNT O O O O O
Matterhorn has been the site of numerous scientific expeditions over the years.,B-MOUNT O O O O O O O O O O O
"One of the most iconic peaks in the world, Aconcagua stands tall as a natural wonder.",O O O O O O O O O B-MOUNT O O O O O O
Mount McKinley has been the site of numerous scientific expeditions over the years.,B-MOUNT I-MOUNT O O O O O O O O O O O
The ascent of Annapurna requires careful preparation and skill.,O O O B-MOUNT O O O O O
"Known for its challenging terrain, Mont Blanc is a favorite among climbers.",O O O O O B-MOUNT I-MOUNT O O O O O
The ascent of Aconcagua requires careful preparation and skill.,O O O B-MOUNT O O O O O
The history and cultural significance of Aconcagua are well-documented.,O O O O O O B-MOUNT O O
The history and cultural significance of Lhotse are well-documented.,O O O O O O B-MOUNT O O
"Known for its challenging terrain, Annapurna is a favorite among climbers.",O O O O O B-MOUNT O O O O O
Mount Kilimanjaro is part of a mountain range that spans several countries.,B-MOUNT I-MOUNT O O O O O O O O O O
The history and cultural significance of Aconcagua are well-documented.,O O O O O O B-MOUNT O O
"One of the most iconic peaks in the world, Lhotse stands tall as a natural wonder.",O O O O O O O O O B-MOUNT O O O O O O
"One of the most iconic peaks in the world, Kangchenjunga stands tall as a natural wonder.",O O O O O O O O O B-MOUNT O O O O O O
The ascent of Mount Kilimanjaro requires careful preparation and skill.,O O O B-MOUNT I-MOUNT O O O O O
Dhaulagiri has been the site of numerous scientific expeditions over the years.,B-MOUNT O O O O O O O O O O O
The ascent of Denali requires careful preparation and skill.,O O O B-MOUNT O O O O O
Many stories have been told about the treacherous conditions on Denali.,O O O O O O O O O O O
Mount Shasta has been the site of numerous scientific expeditions over the years.,B-MOUNT I-MOUNT O O O O O O O O O O O
Mount Everest has been the site of numerous scientific expeditions over the years.,B-MOUNT I-MOUNT O O O O O O O O O O O
The breathtaking scenery of Mount Kosciuszko attracts numerous adventurers each year.,O O O O B-MOUNT I-MOUNT O O O O O
The history and cultural significance of Annapurna are well-documented.,O O O O O O B-MOUNT O O
The history and cultural significance of Lhotse are well-documented.,O O O O O O B-MOUNT O O
The ascent of Mont Blanc requires careful preparation and skill.,O O O B-MOUNT I-MOUNT O O O O O
"Known for its challenging terrain, Mount Shasta is a favorite among climbers.",O O O O O B-MOUNT I-MOUNT O O O O O
"Standing majestically above the surrounding landscape, Kangchenjunga is a sight to behold.",O O O O O O B-MOUNT O O O O O
"Known for its challenging terrain, Mount Shasta is a favorite among climbers.",O O O O O B-MOUNT I-MOUNT O O O O O
Many stories have been told about the treacherous conditions on Kangchenjunga.,O O O O O O O O O O O
Many stories have been told about the treacherous conditions on Mount McKinley.,O O O O O O O O O O B-MOUNT O
Many stories have been told about the treacherous conditions on Mount Shasta.,O O O O O O O O O O B-MOUNT O
Denali offers a stunning backdrop for photographers and nature enthusiasts.,B-MOUNT O O O O O O O O O
The breathtaking scenery of Lhotse attracts numerous adventurers each year.,O O O O B-MOUNT O O O O O
The history and cultural significance of K2 are well-documented.,O O O O O O B-MOUNT O O
Manaslu has been the site of numerous scientific expeditions over the years.,B-MOUNT O O O O O O O O O O O
Mount Vinson is part of a mountain range that spans several countries.,B-MOUNT I-MOUNT O O O O O O O O O O
"Known for its challenging terrain, Aconcagua is a favorite among climbers.",O O O O O B-MOUNT O O O O O
The breathtaking scenery of Annapurna attracts numerous adventurers each year.,O O O O B-MOUNT O O O O O
"Standing majestically above the surrounding landscape, Denali is a sight to behold.",O O O O O O B-MOUNT O O O O O
"One of the most iconic peaks in the world, Mount Fuji stands tall as a natural wonder.",O O O O O O O O O B-MOUNT I-MOUNT O O O O O O
The history and cultural significance of Mount Kosciuszko are well-documented.,O O O O O O B-MOUNT I-MOUNT O O
Mont Blanc offers a stunning backdrop for photographers and nature enthusiasts.,B-MOUNT I-MOUNT O O O O O O O O O
"Known for its challenging terrain, Mount Elbrus is a favorite among climbers.",O O O O O B-MOUNT I-MOUNT O O O O O
Many stories have been told about the treacherous conditions on Mount Kosciuszko.,O O O O O O O O O O B-MOUNT O
The breathtaking scenery of Mount Elbrus attracts numerous adventurers each year.,O O O O B-MOUNT I-MOUNT O O O O O
The history and cultural significance of Matterhorn are well-documented.,O O O O O O B-MOUNT O O
"Standing majestically above the surrounding landscape, Makalu is a sight to behold.",O O O O O O B-MOUNT O O O O O
The breathtaking scenery of Mount Shasta attracts numerous adventurers each year.,O O O O B-MOUNT I-MOUNT O O O O O
"Standing majestically above the surrounding landscape, Cho Oyu is a sight to behold.",O O O O O O B-MOUNT I-MOUNT O O O O O
"Standing majestically above the surrounding landscape, Denali is a sight to behold.",O O O O O O B-MOUNT O O O O O
Mount Vinson has been the site of numerous scientific expeditions over the years.,B-MOUNT I-MOUNT O O O O O O O O O O O
"One of the most iconic peaks in the world, Makalu stands tall as a natural wonder.",O O O O O O O O O B-MOUNT O O O O O O
Many stories have been told about the treacherous conditions on Mont Blanc.,O O O O O O O O O O B-MOUNT O
Mount Kosciuszko is part of a mountain range that spans several countries.,B-MOUNT I-MOUNT O O O O O O O O O O
Mount Rainer has been the site of numerous scientific expeditions over the years.,B-MOUNT I-MOUNT O O O O O O O O O O O
Mount Shasta has been the site of numerous scientific expeditions over the years.,B-MOUNT I-MOUNT O O O O O O O O O O O
The ascent of Mount Kosciuszko requires careful preparation and skill.,O O O B-MOUNT I-MOUNT O O O O O
The ascent of Mont Blanc requires careful preparation and skill.,O O O B-MOUNT I-MOUNT O O O O O
Many stories have been told about the treacherous conditions on Lhotse.,O O O O O O O O O O O
Pico de Orizaba offers a stunning backdrop for photographers and nature enthusiasts.,B-MOUNT I-MOUNT I-MOUNT O O O O O O O O O
"One of the most iconic peaks in the world, Matterhorn stands tall as a natural wonder.",O O O O O O O O O B-MOUNT O O O O O O
The ascent of Dhaulagiri requires careful preparation and skill.,O O O B-MOUNT O O O O O
The breathtaking scenery of Mount Kosciuszko attracts numerous adventurers each year.,O O O O B-MOUNT I-MOUNT O O O O O
Mont Blanc offers a stunning backdrop for photographers and nature enthusiasts.,B-MOUNT I-MOUNT O O O O O O O O O
Many stories have been told about the treacherous conditions on Mount Logan.,O O O O O O O O O O B-MOUNT O
"One of the most iconic peaks in the world, Lhotse stands tall as a natural wonder.",O O O O O O O O O B-MOUNT O O O O O O
The ascent of Mount Logan requires careful preparation and skill.,O O O B-MOUNT I-MOUNT O O O O O
K2 is part of a mountain range that spans several countries.,B-MOUNT O O O O O O O O O O
Mount Shasta is part of a mountain range that spans several countries.,B-MOUNT I-MOUNT O O O O O O O O O O
The breathtaking scenery of Nanga Parbat attracts numerous adventurers each year.,O O O O B-MOUNT I-MOUNT O O O O O
The breathtaking scenery of Nanga Parbat attracts numerous adventurers each year.,O O O O B-MOUNT I-MOUNT O O O O O
"Standing majestically above the surrounding landscape, Mount Shasta is a sight to behold.",O O O O O O B-MOUNT I-MOUNT O O O O O
"Known for its challenging terrain, Table Mountain is a favorite among climbers.",O O O O O B-MOUNT I-MOUNT O O O O O
The breathtaking scenery of Pico de Orizaba attracts numerous adventurers each year.,O O O O B-MOUNT I-MOUNT I-MOUNT O O O O O
The breathtaking scenery of Dhaulagiri attracts numerous adventurers each year.,O O O O B-MOUNT O O O O O
The breathtaking scenery of Mount McKinley attracts numerous adventurers each year.,O O O O B-MOUNT I-MOUNT O O O O O
Mount Kosciuszko offers a stunning backdrop for photographers and nature enthusiasts.,B-MOUNT I-MOUNT O O O O O O O O O
The history and cultural significance of Table Mountain are well-documented.,O O O O O O B-MOUNT I-MOUNT O O
The ascent of Mont Blanc requires careful preparation and skill.,O O O B-MOUNT I-MOUNT O O O O O
The history and cultural significance of Mount Kilimanjaro are well-documented.,O O O O O O B-MOUNT I-MOUNT O O
Aconcagua has been the site of numerous scientific expeditions over the years.,B-MOUNT O O O O O O O O O O O
Many stories have been told about the treacherous conditions on K2.,O O O O O O O O O O O
The history and cultural significance of Manaslu are well-documented.,O O O O O O B-MOUNT O O
Kangchenjunga has been the site of numerous scientific expeditions over the years.,B-MOUNT O O O O O O O O O O O
"One of the most iconic peaks in the world, Table Mountain stands tall as a natural wonder.",O O O O O O O O O B-MOUNT I-MOUNT O O O O O O
The breathtaking scenery of Mount Fuji attracts numerous adventurers each year.,O O O O B-MOUNT I-MOUNT O O O O O
"One of the most iconic peaks in the world, Matterhorn stands tall as a natural wonder.",O O O O O O O O O B-MOUNT O O O O O O
"Known for its challenging terrain, Denali is a favorite among climbers.",O O O O O B-MOUNT O O O O O
Mount Everest offers a stunning backdrop for photographers and nature enthusiasts.,B-MOUNT I-MOUNT O O O O O O O O O
"Standing majestically above the surrounding landscape, Mont Blanc is a sight to behold.",O O O O O O B-MOUNT I-MOUNT O O O O O
The history and cultural significance of Annapurna are well-documented.,O O O O O O B-MOUNT O O
The history and cultural significance of Denali are well-documented.,O O O O O O B-MOUNT O O
"One of the most iconic peaks in the world, Denali stands tall as a natural wonder.",O O O O O O O O O B-MOUNT O O O O O O
"One of the most iconic peaks in the world, Mount Rainer stands tall as a natural wonder.",O O O O O O O O O B-MOUNT I-MOUNT O O O O O O
"Known for its challenging terrain, Dhaulagiri is a favorite among climbers.",O O O O O B-MOUNT O O O O O
The history and cultural significance of Lhotse are well-documented.,O O O O O O B-MOUNT O O
The ascent of Mount McKinley requires careful preparation and skill.,O O O B-MOUNT I-MOUNT O O O O O
Mount Kilimanjaro is part of a mountain range that spans several countries.,B-MOUNT I-MOUNT O O O O O O O O O O
The breathtaking scenery of Cho Oyu attracts numerous adventurers each year.,O O O O B-MOUNT I-MOUNT O O O O O
Lhotse is part of a mountain range that spans several countries.,B-MOUNT O O O O O O O O O O
Mount Kilimanjaro is part of a mountain range that spans several countries.,B-MOUNT I-MOUNT O O O O O O O O O O
Mount Logan offers a stunning backdrop for photographers and nature enthusiasts.,B-MOUNT I-MOUNT O O O O O O O O O
"One of the most iconic peaks in the world, Mount Shasta stands tall as a natural wonder.",O O O O O O O O O B-MOUNT I-MOUNT O O O O O O
The history and cultural significance of Table Mountain are well-documented.,O O O O O O B-MOUNT I-MOUNT O O
Table Mountain has been the site of numerous scientific expeditions over the years.,B-MOUNT I-MOUNT O O O O O O O O O O O
Denali has been the site of numerous scientific expeditions over the years.,B-MOUNT O O O O O O O O O O O
"Known for its challenging terrain, Mount Everest is a favorite among climbers.",O O O O O B-MOUNT I-MOUNT O O O O O
The breathtaking scenery of Matterhorn attracts numerous adventurers each year.,O O O O B-MOUNT O O O O O
Mount Everest offers a stunning backdrop for photographers and nature enthusiasts.,B-MOUNT I-MOUNT O O O O O O O O O
"Known for its challenging terrain, Mount Everest is a favorite among climbers.",O O O O O B-MOUNT I-MOUNT O O O O O
Mount Elbrus has been the site of numerous scientific expeditions over the years.,B-MOUNT I-MOUNT O O O O O O O O O O O
The ascent of Mount Vinson requires careful preparation and skill.,O O O B-MOUNT I-MOUNT O O O O O
"Standing majestically above the surrounding landscape, Makalu is a sight to behold.",O O O O O O B-MOUNT O O O O O
The ascent of Denali requires careful preparation and skill.,O O O B-MOUNT O O O O O
Many stories have been told about the treacherous conditions on Mount Logan.,O O O O O O O O O O B-MOUNT O
"Known for its challenging terrain, Matterhorn is a favorite among climbers.",O O O O O B-MOUNT O O O O O
Many stories have been told about the treacherous conditions on Mount Shasta.,O O O O O O O O O O B-MOUNT O
The history and cultural significance of Mount Fuji are well-documented.,O O O O O O B-MOUNT I-MOUNT O O
Many stories have been told about the treacherous conditions on Pico de Orizaba.,O O O O O O O O O O B-MOUNT I-MOUNT O
K2 is part of a mountain range that spans several countries.,B-MOUNT O O O O O O O O O O
Mount Shasta is part of a mountain range that spans several countries.,B-MOUNT I-MOUNT O O O O O O O O O O
"Standing majestically above the surrounding landscape, Makalu is a sight to behold.",O O O O O O B-MOUNT O O O O O
Mount Elbrus has been the site of numerous scientific expeditions over the years.,B-MOUNT I-MOUNT O O O O O O O O O O O
The ascent of Mount Logan requires careful preparation and skill.,O O O B-MOUNT I-MOUNT O O O O O
Manaslu offers a stunning backdrop for photographers and nature enthusiasts.,B-MOUNT O O O O O O O O O
"Standing majestically above the surrounding landscape, Mount Shasta is a sight to behold.",O O O O O O B-MOUNT I-MOUNT O O O O O
Nanga Parbat has been the site of numerous scientific expeditions over the years.,B-MOUNT I-MOUNT O O O O O O O O O O O
Mount Fuji has been the site of numerous scientific expeditions over the years.,B-MOUNT I-MOUNT O O O O O O O O O O O
Many stories have been told about the treacherous conditions on Mount Logan.,O O O O O O O O O O B-MOUNT O
"Known for its challenging terrain, Annapurna is a favorite among climbers.",O O O O O B-MOUNT O O O O O
"Known for its challenging terrain, Mount Kosciuszko is a favorite among climbers.",O O O O O B-MOUNT I-MOUNT O O O O O
"Standing majestically above the surrounding landscape, Aconcagua is a sight to behold.",O O O O O O B-MOUNT O O O O O
Kangchenjunga is part of a mountain range that spans several countries.,B-MOUNT O O O O O O O O O O
Dhaulagiri is part of a mountain range that spans several countries.,B-MOUNT O O O O O O O O O O
Table Mountain has been the site of numerous scientific expeditions over the years.,B-MOUNT I-MOUNT O O O O O O O O O O O
Many stories have been told about the treacherous conditions on Mont Blanc.,O O O O O O O O O O B-MOUNT O
"Known for its challenging terrain, Annapurna is a favorite among climbers.",O O O O O B-MOUNT O O O O O
Many stories have been told about the treacherous conditions on Mount Kilimanjaro.,O O O O O O O O O O B-MOUNT O
"Standing majestically above the surrounding landscape, Mount Rainer is a sight to behold.",O O O O O O B-MOUNT I-MOUNT O O O O O
The history and cultural significance of Mount Rainer are well-documented.,O O O O O O B-MOUNT I-MOUNT O O
The ascent of Kangchenjunga requires careful preparation and skill.,O O O B-MOUNT O O O O O
Nanga Parbat has been the site of numerous scientific expeditions over the years.,B-MOUNT I-MOUNT O O O O O O O O O O O
Many stories have been told about the treacherous conditions on Mount Vinson.,O O O O O O O O O O B-MOUNT O
Many stories have been told about the treacherous conditions on Mount Kosciuszko.,O O O O O O O O O O B-MOUNT O
Manaslu is part of a mountain range that spans several countries.,B-MOUNT O O O O O O O O O O
Mount Rainer offers a stunning backdrop for photographers and nature enthusiasts.,B-MOUNT I-MOUNT O O O O O O O O O
The history and cultural significance of Lhotse are well-documented.,O O O O O O B-MOUNT O O
"One of the most iconic peaks in the world, Dhaulagiri stands tall as a natural wonder.",O O O O O O O O O B-MOUNT O O O O O O
Table Mountain is part of a mountain range that spans several countries.,B-MOUNT I-MOUNT O O O O O O O O O O
The ascent of Kangchenjunga requires careful preparation and skill.,O O O B-MOUNT O O O O O
Mount Shasta has been the site of numerous scientific expeditions over the years.,B-MOUNT I-MOUNT O O O O O O O O O O O
"Known for its challenging terrain, Mount Logan is a favorite among climbers.",O O O O O B-MOUNT I-MOUNT O O O O O
The breathtaking scenery of K2 attracts numerous adventurers each year.,O O O O B-MOUNT O O O O O
The ascent of K2 requires careful preparation and skill.,O O O B-MOUNT O O O O O
"One of the most iconic peaks in the world, Mount Fuji stands tall as a natural wonder.",O O O O O O O O O B-MOUNT I-MOUNT O O O O O O
Many stories have been told about the treacherous conditions on Kangchenjunga.,O O O O O O O O O O O
The ascent of Denali requires careful preparation and skill.,O O O B-MOUNT O O O O O
The ascent of Denali requires careful preparation and skill.,O O O B-MOUNT O O O O O
Many stories have been told about the treacherous conditions on Mount Fuji.,O O O O O O O O O O B-MOUNT O
The breathtaking scenery of Mount Rainer attracts numerous adventurers each year.,O O O O B-MOUNT I-MOUNT O O O O O
"Known for its challenging terrain, Manaslu is a favorite among climbers.",O O O O O B-MOUNT O O O O O
Mount Rainer is part of a mountain range that spans several countries.,B-MOUNT I-MOUNT O O O O O O O O O O
Mount Shasta has been the site of numerous scientific expeditions over the years.,B-MOUNT I-MOUNT O O O O O O O O O O O
"One of the most iconic peaks in the world, Mount Kosciuszko stands tall as a natural wonder.",O O O O O O O O O B-MOUNT I-MOUNT O O O O O O
Mont Blanc is part of a mountain range that spans several countries.,B-MOUNT I-MOUNT O O O O O O O O O O
"Standing majestically above the surrounding landscape, Mount Everest is a sight to behold.",O O O O O O B-MOUNT I-MOUNT O O O O O
The breathtaking scenery of Denali attracts numerous adventurers each year.,O O O O B-MOUNT O O O O O
Denali has been the site of numerous scientific expeditions over the years.,B-MOUNT O O O O O O O O O O O
Mount Kosciuszko is part of a mountain range that spans several countries.,B-MOUNT I-MOUNT O O O O O O O O O O
"Standing majestically above the surrounding landscape, Annapurna is a sight to behold.",O O O O O O B-MOUNT O O O O O
"One of the most iconic peaks in the world, Makalu stands tall as a natural wonder.",O O O O O O O O O B-MOUNT O O O O O O
"Standing majestically above the surrounding landscape, Manaslu is a sight to behold.",O O O O O O B-MOUNT O O O O O
"Known for its challenging terrain, Mount McKinley is a favorite among climbers.",O O O O O B-MOUNT I-MOUNT O O O O O
Lhotse is part of a mountain range that spans several countries.,B-MOUNT O O O O O O O O O O
The ascent of Manaslu requires careful preparation and skill.,O O O B-MOUNT O O O O O
"Known for its challenging terrain, Mount Shasta is a favorite among climbers.",O O O O O B-MOUNT I-MOUNT O O O O O
Mount Kosciuszko offers a stunning backdrop for photographers and nature enthusiasts.,B-MOUNT I-MOUNT O O O O O O O O O
Kangchenjunga has been the site of numerous scientific expeditions over the years.,B-MOUNT O O O O O O O O O O O
Dhaulagiri offers a stunning backdrop for photographers and nature enthusiasts.,B-MOUNT O O O O O O O O O
"Standing majestically above the surrounding landscape, Pico de Orizaba is a sight to behold.",O O O O O O B-MOUNT I-MOUNT I-MOUNT O O O O O
The ascent of Kangchenjunga requires careful preparation and skill.,O O O B-MOUNT O O O O O
Many stories have been told about the treacherous conditions on Pico de Orizaba.,O O O O O O O O O O B-MOUNT I-MOUNT O
Mount Everest is part of a mountain range that spans several countries.,B-MOUNT I-MOUNT O O O O O O O O O O
Many stories have been told about the treacherous conditions on Manaslu.,O O O O O O O O O O O
Mount Logan offers a stunning backdrop for photographers and nature enthusiasts.,B-MOUNT I-MOUNT O O O O O O O O O
The breathtaking scenery of K2 attracts numerous adventurers each year.,O O O O B-MOUNT O O O O O
Kangchenjunga has been the site of numerous scientific expeditions over the years.,B-MOUNT O O O O O O O O O O O
The breathtaking scenery of Matterhorn attracts numerous adventurers each year.,O O O O B-MOUNT O O O O O
"Standing majestically above the surrounding landscape, Mount Kilimanjaro is a sight to behold.",O O O O O O B-MOUNT I-MOUNT O O O O O
Many stories have been told about the treacherous conditions on Mount Fuji.,O O O O O O O O O O B-MOUNT O
Mount Rainer offers a stunning backdrop for photographers and nature enthusiasts.,B-MOUNT I-MOUNT O O O O O O O O O
Nanga Parbat offers a stunning backdrop for photographers and nature enthusiasts.,B-MOUNT I-MOUNT O O O O O O O O O
The history and cultural significance of Table Mountain are well-documented.,O O O O O O B-MOUNT I-MOUNT O O
Many stories have been told about the treacherous conditions on Lhotse.,O O O O O O O O O O O
Mount Shasta offers a stunning backdrop for photographers and nature enthusiasts.,B-MOUNT I-MOUNT O O O O O O O O O
The history and cultural significance of Mount Kosciuszko are well-documented.,O O O O O O B-MOUNT I-MOUNT O O
The ascent of K2 requires careful preparation and skill.,O O O B-MOUNT O O O O O
"Standing majestically above the surrounding landscape, Kangchenjunga is a sight to behold.",O O O O O O B-MOUNT O O O O O
Mount Fuji is part of a mountain range that spans several countries.,B-MOUNT I-MOUNT O O O O O O O O O O
Denali has been the site of numerous scientific expeditions over the years.,B-MOUNT O O O O O O O O O O O
The ascent of Annapurna requires careful preparation and skill.,O O O B-MOUNT O O O O O
The breathtaking scenery of Table Mountain attracts numerous adventurers each year.,O O O O B-MOUNT I-MOUNT O O O O O
Many stories have been told about the treacherous conditions on Lhotse.,O O O O O O O O O O O
"Known for its challenging terrain, Mount McKinley is a favorite among climbers.",O O O O O B-MOUNT I-MOUNT O O O O O
Table Mountain offers a stunning backdrop for photographers and nature enthusiasts.,B-MOUNT I-MOUNT O O O O O O O O O
The history and cultural significance of Matterhorn are well-documented.,O O O O O O B-MOUNT O O
The ascent of Mount Fuji requires careful preparation and skill.,O O O B-MOUNT I-MOUNT O O O O O
The breathtaking scenery of Mount Logan attracts numerous adventurers each year.,O O O O B-MOUNT I-MOUNT O O O O O
"One of the most iconic peaks in the world, Table Mountain stands tall as a natural wonder.",O O O O O O O O O B-MOUNT I-MOUNT O O O O O O
"One of the most iconic peaks in the world, Annapurna stands tall as a natural wonder.",O O O O O O O O O B-MOUNT O O O O O O
Annapurna has been the site of numerous scientific expeditions over the years.,B-MOUNT O O O O O O O O O O O
"One of the most iconic peaks in the world, Nanga Parbat stands tall as a natural wonder.",O O O O O O O O O B-MOUNT I-MOUNT O O O O O O
"Standing majestically above the surrounding landscape, Mount Rainer is a sight to behold.",O O O O O O B-MOUNT I-MOUNT O O O O O
"One of the most iconic peaks in the world, Mount Elbrus stands tall as a natural wonder.",O O O O O O O O O B-MOUNT I-MOUNT O O O O O O
"One of the most iconic peaks in the world, Mount Shasta stands tall as a natural wonder.",O O O O O O O O O B-MOUNT I-MOUNT O O O O O O
The breathtaking scenery of Mount Kilimanjaro attracts numerous adventurers each year.,O O O O B-MOUNT I-MOUNT O O O O O
